구분 날짜,제목,게임,등급, 구분,출연자1 이름,출연자1 직업,출연자1 내용,출연자1 사진위치,출연자2 이름,출연자2 직업,출연자2 내용,출연자2 사진위치,출연자3 이름,출연자3 직업,출연자3 내용,출연자3 사진위치,세션소개,세션목차,권장대상,일정추가 링크
Day 1. 8월 25일(월)ㅣ13:10~13:35,에픽게임즈 스토어: 2025년 스토어 및 제품 업데이트,"게임, 프로덕션",초급,없음,"Kyle Billings, Epic Games","Director, Portfolio Strategy and Business Operations","에픽게임즈 스토어의 포트폴리오 전략을 총괄하며, 에픽게임즈 퍼블리싱, 무료 게임 프로그램, 그리고 스토어 콘텐츠 등 전반에 걸쳐 에픽게임즈가 지원하는 다양한 프로그램의 방향을 결정합니다. 내부 주요 팀들과 협업해 우수한 개발자를 발굴 및 지원하고, 지속 가능한 비즈니스 성장을 돕고 있습니다.",https://unrealsummit16.cafe24.com/2025/ufest25/speaker/kylebillings.png,,,,,,,,,"2025년 1월, 에픽게임즈 스토어는 서드파티 모바일 게임 지원을 포함한 다양한 신규 기능을 도입했으며, 무료 게임 프로그램을 시작하며, PC, Mac, Android, iOS를 아우르는 최초의 진정한 멀티플랫폼 스토어로서의 여정을 시작했습니다. 이 세션에서는 향후 1년간 PC와 모바일을 아우르는 비전, 전략, 로드맵을 공유합니다. PC 전용, 모바일 전용, 크로스플레이 등 파트너들의 성공적인 확장을 위한 방안과 모바일 셀프 퍼블리싱 툴, 모바일 에픽 웹숍&#40;Epic Web Shops&#41;, 오랫동안 기다려온 플레이어 중심의 PC 기능들, 그리고 모든 플랫폼의 플레이어를 하나로 연결할 멀티플랫폼 소셜 에코시스템 등에 대해 다룹니다.

",N/A,에픽게임즈 스토어에 관심 있는 개발자와 퍼블리셔,"https://calendar.google.com/calendar/u/0/r/eventedit?text=언리얼페스트+서울+2025-+Day+1+TRACK+1+-+에픽게임즈 스토어: 2025년 스토어 및 제품 업데이트&dates=20250825T131000/20250825T133500&details=Kyle Billings, Epic Games"
Day 1. 8월 25일(월)ㅣ13:35~14:00,언리얼 엔진 5.6으로 모바일 게임 개발하기,"게임, 프로그래밍",고급,없음,"Jack Porter, Epic Games Korea",Engine Mobile Platforms Lead,"1999년 &lt;언리얼 토너먼트&gt; 팀의 일원으로 시작하여 지난 25년 이상 언리얼 엔진 1부터 5까지 다양한 분야에서 기능 개발에 참여해 왔습니다. 현재는 언리얼 엔진 모바일 팀을 이끌며 모바일 플랫폼에서의 언리얼 엔진 지원과 iOS, 안드로이드, 스위치에서 사용되는 언리얼 엔진 모바일 렌더러를 담당하고 있습니다. 한편, 21년째 서울에 거주 중입니다.",https://unrealsummit16.cafe24.com/2025/ufest25/speaker/jackporter.png,,,,,,,,,"이 세션에서는 언리얼 엔진 5.6의 모바일 게임 개발을 위한 새로운 기능과 개선 사항을 살펴봅니다. Android 및 iOS 환경에서의 빌드 및 디버깅을 위한 툴과 워크플로, 그리고 모바일 렌더링 성능 향상에 대해서도 다룰 예정입니다.","• UE 5.6: 모바일 게임 개발을 위한 새로운 워크플로<br>
• UE 5.6: 모바일 렌더링 향상<br>
• 앞으로 추가될 예정인 기능들",언리얼 엔진을 활용해 모바일 게임을 개발하는 개발자,"https://calendar.google.com/calendar/u/0/r/eventedit?text=언리얼페스트+서울+2025-+Day+1+TRACK+1+-+언리얼 엔진 5.6에서 모바일 게임 개발하기&dates=20250825T133500/20250825T140000&details=Jack Porter, Epic Games Korea"
Day 1. 8월 25일(월)ㅣ13:10~14:00,UE 5.6과 함께 확 달라진 메타휴먼: 핵심 업데이트 알아보기,"ALL, 디지털 휴먼",초급,없음,"박성제, 에픽게임즈 코리아",테크니컬 아티스트,"에픽게임즈 코리아에서 테크니컬 아티스트로 재직 중이며, 이전에는 &lt;썬온라인&gt;, &lt;리니지3&gt;, &lt;블레이드 & 소울&gt;, &lt;길드워 2&gt;, &lt;블레이드 & 소울 테이블 아레나 VR&gt;, &lt;프로젝트 M&gt; 등 다양한 게임 개발에 참여했습니다.",https://unrealsummit16.cafe24.com/2025/ufest25/speaker/pakrsungje.png,,,,,,,,,"이 세션에서는 UE 5.6 출시와 함께 한층 강력해진 메타휴먼의 핵심 업데이트를 자세히 살펴봅니다. 언리얼 엔진에 완전히 통합된 메타휴먼 크리에이터부터, 다양한 디바이스를 지원하는 메타휴먼 애니메이터, 새롭게 추가된 바디 및 의상 시스템, 확장된 사용성까지 폭넓게 소개합니다. 또한 Maya 및 Houdini용 플러그인을 활용해 디지털 휴먼의 풍부한 표정과 헤어를 제작하는 방법도 다룰 예정입니다.","• 언리얼 엔진에 통합된 메타휴먼 크리에이터<br>
• 새로운 파라메트릭 바디 시스템과 의상 에셋<br>
• 웹캠과 스마트폰으로 제작하는 고퀄리티 리얼타임 애니메이션<br>
• 향상된 오디오 기반 애니메이션<br>
• Maya에서 메타휴먼 에디터 사용법<br>
• Houdini에서 그룸 생성 방법","게임, 시네마틱용 디지털 휴먼 캐릭터 아티스트<br>
퍼포먼스 캡처, 애니메이션을 담당하는 애니메이터 <br>
버추얼 프로덕션, 라이브 이벤트에 메타휴먼을 도입하려는 영화 제작자 및 감독<br>
팹에서 메타휴먼 의상, 헤어, 액세서리를 판매하고 싶은 3D 크리에이터","https://calendar.google.com/calendar/u/0/r/eventedit?text=언리얼페스트+서울+2025-+Day+1+TRACK+2+-+UE 5.6과 함께 확 달라진 메타휴먼: 핵심 업데이트 알아보기&dates=20250825T131000/20250825T140000&details=박성제, 에픽게임즈 코리아"
Day 1. 8월 25일(월)ㅣ13:10~14:00,나이아가라로 인터랙티브한 파티클 효과 제작해 보기,"게임, 비주얼아트",중급,없음,"김대혁, 에픽게임즈 코리아",테크니컬 아티스트,"에픽게임즈 코리아에서 테크니컬 아티스트로 재직 중이며, 이전에는 유니티와 스마일게이트, 드림익스큐션 등에서 근무했습니다.",https://unrealsummit16.cafe24.com/2025/ufest25/speaker/kimdaehyeok.jpg,,,,,,,,,"이 세션에서는 나이아가라를 활용해 플레이어 또는 환경과 상호작용하는 인터랙티브한 이펙트가 어떻게 구현되는지를 예제를 통해 단계별로 살펴볼 예정입니다. 캐릭터의 움직임에 반응하는 파티클, 충돌 시 발생하는 반응형 효과 등 실제 사례를 중심으로, 나이아가라로 인터랙티브한 이펙트 제작에 대해 집중적으로 다룰 예정입니다.","• 인터랙티브 파티클 예제<br>
• 인터랙티션 구현을 위한 다양한 기법<br>
• 인터랙티브 파티클 예제 분석","FX 아티스트<br>
테크티컬 아티스트","https://calendar.google.com/calendar/u/0/r/eventedit?text=언리얼페스트+서울+2025-+Day+1+TRACK+3+-+나이아가라로 인터랙티브한 파티클 효과 제작해 보기&dates=20250825T131000/20250825T140000&details=김대혁, 에픽게임즈 코리아"
Day 1. 8월 25일(월)ㅣ14:10~15:00,"&lt;더 위쳐 4 언리얼 엔진 5 테크 데모&gt; 속 기술 들여다보기
","ALL, 프로그래밍",고급,없음,"박창현, 에픽게임즈 코리아",디펠로퍼 릴레이션 리드,"에픽게임즈 코리아에서 디벨로퍼 릴레이션 리드로 기술 지원을 담당하고 있습니다. 이전에는 넥슨 레드, 넥슨 GT, 데브시스터즈에서 게임 프로젝트 개발에 참여했습니다.",https://unrealsummit16.cafe24.com/2025/ufest25/speaker/parkChanghyun.png,,,,,,,,,"스테이트 오브 언리얼 2025 에서 공개된 &lt;더 위쳐 4 언리얼 엔진 5 테크 데모&gt;는 언리얼 엔진의 다양한 최신 기술을 활용해 제작되었습니다. 이 세션에서는 테크 데모를 통해 구현된 살아 숨쉬는 듯한 세계를 구현하는 데 사용된 다양한 기술들을 소개하고, 언리얼 엔진의 발전 방향을 함께 살펴볼 예정입니다.","• 시각적으로 충실한 높은 밀도의 월드 <br>
• 수많은 캐릭터와 인터랙션  <br>
• 사용자 경험의 퀄리티를 높이는 기술",언리얼 엔진의 최신 기능과 성능 최적화에 관심이 있는 프로그래머/테크니컬 아티스트,"https://calendar.google.com/calendar/u/0/r/eventedit?text=언리얼페스트+서울+2025-+Day+1+TRACK+1+-+언리얼 엔진에서 게임의 히치를 다루는 법&dates=20250825T141000/20250825T150000&details=박창현, 에픽게임즈 코리아"
Day 1. 8월 25일(월)ㅣ14:10~15:00,언리얼로 그리는 공연의 미래: 실시간 무대 시뮬레이션,"방송&라이브이벤트, 버추얼프로덕션",초급,없음,"고동욱, 사운드얼라이언스",이사,"사운드얼라이언스 미디어사업부 이사로 재직 중이며 동시에 미디어아트 팀인 이스트허그의 무대영상 디자이너로 활동 중입니다. 뮤지컬 &lt;천 개의 파랑&gt;, &lt;사랑의 불시착&gt;, &lt;비밀의 화원&gt;, &lt;애니&gt;, &lt;종의 기원&gt; 등 다수의 뮤지컬 및 연극 작품에서 무대영상 디자인을 담당했습니다. 최근에는 언리얼 엔진을 활용한 무대 시뮬레이션 시스템 개발에 주력하고 있으며 이러한 시뮬레이션 시스템을 공연 현장에 접목하고 있습니다.",https://unrealsummit16.cafe24.com/2025/ufest25/speaker/kodongwook.jpg,,,,,,,,,"이 세션에서는 뮤지컬 무대 영상 디자인에 언리얼 엔진을 활용한 사례를 소개합니다. 프로젝션 매핑의 한계를 극복하기 위해 언리얼 엔진 기반의 시뮬레이션을 구현한 과정과, 실제 공연 작품인 &lt;비밀의 화원&gt;과 &lt;천 개의 파랑&gt; 사례를 중심으로 기술적 워크플로를 설명합니다. 또한 LED 스크린과의 통합, 리얼타임 렌더링, 영상 디자인을 위한 최적화 방법 등을 공유하며, 공연예술과 언리얼 엔진 기술의 효과적인 융합 방안을 제시합니다.","• 공연 예술과 기술의 융합: 프로젝션 매핑과 LED 스크린의 현재<br>
• 기존 프로젝션 매핑 기술의 한계와 문제점 분석 <br>
• 언리얼 엔진을 활용한 무대 시뮬레이션 시스템의 구현 방법<br>
• 실제 제작 사례: 뮤지컬 &lt;비밀의 화원&gt;과 &lt;천 개의 파랑&gt;<br>
• 언리얼 엔진 기반 무대영상 제작 워크플로 및 최적화 기법  <br>
• 향후 발전 방향: 리얼타임 렌더링과 인터랙티브 요소의 활용<br>","공연 무대영상 디자인과 프로젝션 매핑에 관심 있는 기술 아티스트 및 디자이너 <br>
언리얼 엔진을 활용한 리얼타임 렌더링 및 시뮬레이션에 관심 있는 개발자 <br>
공연 예술과 기술 융합에 관심이 있는 무대 디자이너 및 영상 제작자<br>
언리얼 엔진을 공연, 전시, 이벤트 등 실감형 콘텐츠 제작에 활용하고자 하는 크리에이터","https://calendar.google.com/calendar/u/0/r/eventedit?text=언리얼페스트+서울+2025-+Day+1+TRACK+2+-+언리얼로 그리는 공연의 미래: 실시간 무대 시뮬레이션&dates=20250825T141000/20250825T150000&details=고동욱, 사운드얼라이언스"
Day 1. 8월 25일(월)ㅣ14:10~15:00,뮤터블 플러그인: 게임용 메타휴먼 커스터마이징 시스템 제작,"게임, 비주얼아트",중급,없음,"김태철, 에픽게임즈 코리아",테크니컬 아티스트,"에픽게임즈 코리아에서 테크니컬 아티스트 및 사업 개발 업무를 맡고 있으며 이전에는 &lt;프로젝트 LLL&gt;, &lt; 블레이드 & 소울&gt;과 그 외 다양한 PC, MMO, 모바일 및 VR 게임 프로젝트에서 언리얼 엔진 테크니컬 아티스트로 활동했습니다.",https://unrealsummit16.cafe24.com/2025/ufest25/speaker/kimtaechul.png,,,,,,,,,"뮤터블 플러그인은 유연하고 최적화된 캐릭터 커스터마이징 시스템을 제공합니다. 이 세션에서는 메타휴먼의 외형 커스터마이징을 뮤터블로 적용하는 방법을 통해, 런타임 캐릭터 파이프라인을 구성하고 최적화하는 다양한 방법들을 살펴봅니다.","• 뮤터블 이해하기<br>
• 메타휴먼 의상 리소스 세팅<br>
• 커스터마이징 가능한 오브젝트 제작<br>
• 런타임 커스터마이징 적용<br>
• 문제 해결 및 실전 팁",뮤터블과 메타휴먼을 이용하여 직접 커스터마이징 시스템을 제작해 보고 싶은 아티스트 및 기획자,"https://calendar.google.com/calendar/u/0/r/eventedit?text=언리얼페스트+서울+2025-+Day+1+TRACK+3+-+뮤터블 플러그인: 게임용 메타휴먼 커스터마이징 시스템 제작&dates=20250825T141000/20250825T150000&details=김태철, 에픽게임즈 코리아"
Day 1. 8월 25일(월)ㅣ15:30~16:20,일본 사례로 보는 UE5 그래픽 심층 인사이트,"ALL, 프로그래밍, 비주얼아트",중급,없음,"Noriaki Shinoyama, Epic Games Japan ",Customer Success Director,"2015년에 Epic Games Japan에 서포트 엔지니어로 입사하여, 현재는 기술 지원 및 관련 업무를 총괄하는 디렉터로 재직 중입니다. 이전에는 Sony Computer Entertainment&#40;현 Sony Interactive Entertainment&#41;에서 그래픽 R&D 및 개발 지원의 역할을 수행했습니다.",https://unrealsummit16.cafe24.com/2025/ufest25/speaker/noriakishinoyama.jpg,,,,,,,,,"에픽게임즈 재팬이 일본 개발사들을 지원하면서 실제로 많은 모범 사례들이 일반적인 사례와 다르다는 점을 확인할 수 있었고, 그 과정에서 얻은 언리얼 엔진 5의 고급 그래픽과 관련된 인사이트를 공유합니다. 이 세션에서는 모든 오브젝트를 나나이트로 구현해야 하는지, 모든 텍스처를 버추얼 텍스처로 처리해야 하는지, 루멘의 이미시브 라이팅은 실용적인지, 최적의 섀도 설정은 어떻게 판단해야 하는지 등의 질문을 중심으로 다룹니다.","• 루멘의 성능 부하 프로파일링 방법 및 세부 설정 방법<br>
• 나나이트의 메커니즘 및 세부 설정 조정 방법<br>
• 버추얼 텍스처 및 버추얼 섀도 맵 사용 시 유의사항, 최신 업데이트, 설정 방법<br>
• 템포럴 슈퍼 해상도&#40;TSR&#41; 사용 시 유의사항 및 최신 업데이트 공유





",최신 UE5 기술을 활용해 콘솔 및 고사양 PC용 게임을 개발하고자 하는 엔지니어 및 테크니컬 아티스트,"https://calendar.google.com/calendar/u/0/r/eventedit?text=언리얼페스트+서울+2025-+Day+1+TRACK+1+-+일본 사례로 보는 UE5 그래픽 심층 인사이트&dates=20250825T153000/20250825T162000&details=Noriaki Shinoyama, Epic Games Japan "
Day 1. 8월 25일(월)ㅣ15:30~16:20,"더 사실적이게, 더 자연스럽게, 하지만 더 빠르게: &lt;컨트롤 릭 피직스&gt;로 절차적 애니메이션 제작하기","게임, 애니메이션, 비주얼아트",중급,없음,"권오찬, 에픽게임즈 코리아",시니어 에반젤리스트,"에픽게임즈 코리아의 시니어 에반젤리스트로서 다양한 산업에서 언리얼 엔진의 도입을 지원하고 있습니다. 이전에는 다수의 액션 기반 프로젝트에서 AD, TA, PD로 게임을 개발했고 여러 대학교와 교육기관에서 게임 개발 강의 및 멘토링도 진행해 왔습니다.",https://unrealsummit16.cafe24.com/2025/ufest25/speaker/kwonohchan.jpg,,,,,,,,,"피직스 시뮬레이션을 통한 절차적 애니메이션은 리얼타임 콘텐츠는 물론, 이제는 리니어 콘텐츠 제작에서도 더 자연스럽고 사실적인 애니메이션을 더 빠르게 구현하기 위한 핵심 요소가 되고 있습니다. 이 세션에서는 언리얼 엔진 5.6 에 도입된 &lt;컨트롤 릭 피직스&gt;를 소개하고 간단한 세컨더리 애니메이션 설정부터 키 애니메이션에 피직스 애니메이션을 적용하는 방법까지 살펴보겠습니다.","• 컨트롤 릭 피직스 소개<br>
• 세컨더리 애니메이션 제작하기<br>
• 절차적 로코모션 제작하기<br>
• 탈것에 탑승 중인 애니메이션 제작하기<br>
• 언리얼 엔진 애니메이션의 미래","애니메이션 작업의 효율을 높이고 싶은 애니메이터<br>
절차적 애니메이션에 관심 있는 테크니컬 아티스트<br>
언리얼 엔진의 애니메이션 발전 방향에 관심있는 모든 분","https://calendar.google.com/calendar/u/0/r/eventedit?text=언리얼페스트+서울+2025-+Day+1+TRACK+2+-+더 사실적이게, 더 자연스럽게, 하지만 더 빠르게: <컨트롤 릭 피직스>로 절차적 애니메이션 제작하기&dates=20250825T153000/20250825T162000&details=권오찬, 에픽게임즈 코리아"
Day 1. 8월 25일(월)ㅣ15:30~16:20,아티스트가 엔진 수정 없이 커스텀 렌더링 패스 추가하기,"게임, 프로그래밍, 비주얼아트",중급,없음,"김진홍, 컴투스",테크니컬 아티스트,컴투스 TA실에서 테크니컬 아티스트로 재직 중이며 사내 프로젝트들의 테크니컬 이슈에 대응하고 있습니다. 이전에는 원더피플에서 &lt;슈퍼피플&gt; 개발에 참여하는 등 다년간의 언리얼 엔진 사용 경험이 있습니다.,https://unrealsummit16.cafe24.com/2025/ufest25/speaker/kimjinhong.png,,,,,,,,,"이 세션에서는 SceneViewExtension을 활용해 엔진 수정 없이 자신만의 렌더링 패스를 추가하는 방법을 공유합니다. 그 과정에서 SceneViewExtension의 적절한 활용, 렌더 종속성 그래프&#40;RDG&#41;에 대한 개략적인 설명, 글로벌 셰이더 작성에 대한 지식을 전달하며, 실제 제작 과정에서 겪은 어려움과 그 대응책도 소개합니다.","• 커스텀 렌더링 패스 플러그인 구현<br>
• 구현에 필요한 지식 채우기<br>
• 글로벌 셰이더의 제작 예시","C++에 막 관심을 가지기 시작한 테크니컬 아티스트<br>
커스텀 렌더링 패스를 추가하고자 하는 엔진 및 그래픽스 프로그래머","https://calendar.google.com/calendar/u/0/r/eventedit?text=언리얼페스트+서울+2025-+Day+1+TRACK+3+-+아티스트가 엔진 수정 없이 커스텀 렌더링 패스 추가하기&dates=20250825T153000/20250825T162000&details=김진홍, Com2uS"
Day 1. 8월 25일(월)ㅣ16:30~17:20,언리얼 엔진의 멀티 플랫폼 엔진 아키텍처,"ALL, 프로그래밍",초급,없음,"윤준기, 에픽게임즈 코리아",소프트웨어 엔지니어 디벨로퍼 릴레이션,"에픽게임즈 코리아에서 소프트웨어 엔지니어로서 Linux, Qnx, Android와 같은 임베디드 디바이스 환경에서의 플랫폼 관련 기술 지원을 주로 담당하고 있습니다. 이전에는 OEM 내비게이션 디지털 트윈 회사에서 근무했습니다.",https://unrealsummit16.cafe24.com/2025/ufest25/speaker/Yoonjunki.png,,,,,,,,,"언리얼 엔진은 기본적으로 최신 디바이스에 자동으로 포팅을 지원하지만, 멀티 플랫폼을 효과적으로 지원하기 위해 엔진이 어떤 구조를 갖추고 있는지 이해해두면 많은 도움이 됩니다. 이 세션에서는 Main부터 BeginPlay까지 플랫폼별로 어떤 흐름으로 동작하는지, 각 플랫폼에 따라 툴체인이 어떻게 구성되는지, 엔진 내 플랫폼 종속적인 요소는 어떻게 처리되는지, 그리고 플랫폼별로 그래픽스 API를 어떻게 대응하고 있는지에 대해 다룹니다.","• 멀티 플랫폼 아키텍처<br>
• 부팅부터 BeginPlay까지<br>
• 언리얼 엔진 라이프사이클<br>
• 플랫폼별 툴체인 <br>
• 플랫폼별 종속적인 엔진 구성 요소<br>","언리얼 엔진 초보자, 현재 지원 중인 플랫폼 외에 다른 플랫폼 지원 구조가 궁금하신 분","https://calendar.google.com/calendar/u/0/r/eventedit?text=언리얼페스트+서울+2025-+Day+1+TRACK+1+-+언리얼 엔진의 멀티플랫폼 엔진 아키텍처&dates=20250825T163000/20250825T172000&details=윤준기,에픽게임즈 코리아"
Day 1. 8월 25일(월)ㅣ16:30~17:20,"언리얼 엔진 5 애니메이션 리타기팅의 미래
","ALL, 비주얼아트",중급,없음,"Chris Murphy, Epic Games",Principal Technical Artist,"에픽게임즈의 디벨로퍼 릴레이션 팀의 시니어 테크니컬 아티스트로, 10년 이상의 언리얼 엔진 경험과 다양한 플랫폼의 게임 개발 경력을 보유하고 있습니다. Chris Murphy는 언리얼 엔진을 개발자들이 성공적인 프로젝트를 제작할 수 있도록 기술 지원과 자문을 제공하고 있습니다.",https://unrealsummit16.cafe24.com/2025/ufest25/speaker/chrismurphy.png,,,,,,,,,"이 세션에서는 언리얼 엔진 5.6에 새롭게 추가된 애니메이션 리타기팅 기능을 소개하고, 향후 발전 방향에 대해 살펴봅니다. UE5 이후 리타기팅 기능이 어떻게 변화해 왔는지부터, UE 5.6에서 새롭게 업데이트된 에디터 인터페이스, 극단적으로 다른 비율의 캐릭터 및 소품 리타기팅 지원 등 주요 업데이트 내용을 다룹니다. 또한 언리얼 엔진에서 리타기팅 기능이 앞으로 어떻게 발전해 나갈지 소개하고, 다양한 캐릭터와 애니메이션에 손쉽게 리타기팅을 적용하는 방법과 새로운 리타깃 에디터의 사용법과 탐색 방법까지 자세히 설명합니다.","• 애니메이션 리타기팅이란<br>
• 언리얼 엔진에서의 리타기팅 역사<br>
• 리타기팅의 기본 개념5.6의 새로운 기능<br>
• 5.6의 새로운 기능<br>
• 향후 예정된 업데이트","
애니메이션 또는 로직을 다양한 캐릭터에 손쉽게 적용하고자 하는 테크 애니메이터 및 테크니컬 아티스트","https://calendar.google.com/calendar/u/0/r/eventedit?text=언리얼페스트+서울+2025-+Day+1+TRACK+2+-+언리얼 엔진 5 애니메이션 리타기팅의 미래 &dates=20250825T163000/20250825T172000&details=Chris Murphy, Epic Games"
Day 1. 8월 25일(월)ㅣ16:30~17:20,듀랑고 IP &lt;프로젝트 DX&gt;의 성공적인 PCG 활용 사례: PCG로 새로운 듀랑고의 오픈월드 바이옴 구성하기,"ALL, 비주얼아트",중급,없음,"김경환, 넥슨게임즈",테크니컬 아티스트,"넥슨게임즈 &lt;프로젝트 DX&gt;에서 배경 담당 TA로 재직 중이며, 이전에는 엔픽셀 TA팀에서 배경 TA를 맡았습니다.",https://unrealsummit16.cafe24.com/2025/ufest25/speaker/kimkunghwan.png,,,,,,,,,"이 세션에서는 듀랑고 IP를 사용한 차세대 MMORPG 게임을 개발 중인 &lt;프로젝트 DX&gt;에서 언리얼 엔진 5의 PCG를 활용하여 식생 분포를 사실적이면서도 효율적으로 생성한 사례를 공유합니다. 또한 PCG 생성 시간을 단축하고 PCG 그래프를 최적화 한 경험, 그 외 PCG 꿀팁 등을 공유합니다.","• 발표 및 PCG 소개<br>
• PCG로 오픈월드 바이옴 구성하기<br>
• PCG 생성 시간 단축하기<br>
• PCG 꿀팁","PCG 사용 사례가 궁금하거나 PCG 도입을 고민 중인 프로그래머<br>
테크니컬 아티스트<br>
배경 레벨러","https://calendar.google.com/calendar/u/0/r/eventedit?text=언리얼페스트+서울+2025-+Day+1+TRACK+3+-+듀랑고 IP <프로젝트 DX>의 성공적인 PCG 활용 사례: PCG로 새로운 듀랑고의 오픈월드 바이옴 구성하기&dates=20250825T163000/20250825T172000&details=김경환, 넥슨게임즈"
Day 1. 8월 25일(월)ㅣ17:30~18:20,"스케일러빌리티를 넘어서: 일본에서 전하는 멀티 플랫폼 인사이트
","게임, 프로그래밍, 비주얼아트",고급,없음,"Noriaki Shinoyama, Epic Games Japan ",Customer Success Director,"2015년에 Epic Games Japan에 서포트 엔지니어로 입사하여, 현재는 기술 지원 및 관련 업무를 총괄하는 디렉터로 재직 중입니다. 이전에는 Sony Computer Entertainment&#40;현 Sony Interactive Entertainment&#41;에서 그래픽 R&D 및 개발 지원의 역할을 수행했습니다.",https://unrealsummit16.cafe24.com/2025/ufest25/speaker/noriakishinoyama.png,,,,,,,,,"언리얼 엔진은 멀티 플랫폼 개발을 위한 강력한 툴세트를 제공하지만, 실제 개발자들은 PC부터 Nintendo Switch에 이르기까지 각 플랫폼에서 최고의 퍼포먼스와 퀄리티를 구현하기 위해 다양한 방법을 활용하고 있습니다. 이 세션에서는 Epic Games Japan이 여러 타이틀을 통해 축적한 멀티 플랫폼 개발 노하우를 공유합니다. *본 세션에서는 모바일 플랫폼의 스케일러빌리티는 다루지 않습니다.","•  일본에서의 언리얼 엔진 활용 사례<br>
•  언리얼 엔진의 멀티 플랫폼 지원 기능 소개<br>
•  일본 개발자들이 실제로 멀티 플랫폼을 개발하는 방식<br>
•  사용하는 기능과 사용하지 않는 기능, 그리고 창의적인 접근법 <br>
•  요약","콘솔을 포함한 멀티 플랫폼으로 자체 게임을 출시할 계획이거나 희망하는 엔지니어, 디자이너, 게임 디자이너","https://calendar.google.com/calendar/u/0/r/eventedit?text=언리얼페스트+서울+2025-+Day+1+TRACK+1+-+스케일러빌리티를 넘어서: 일본에서 전하는 멀티 플랫폼 인사이트&dates=20250825T173000/20250825T182000&details=Noriaki Shinoyama, Epic Games Japan "
Day 1. 8월 25일(월)ㅣ17:30~18:20,1인 창작자가 극장용 애니메이션을 제작하고 상영하기까지,"애니메이션, 기획, 비주얼아트",초급,없음,"정명국, 자루스튜디오",대표,"자루스튜디오 대표로 재직 중이며, 언리얼 엔진 5를 활용해 극장용 애니메이션을 1인 창작하여 제작·상영하였고, 장항습지 3D 애너모픽 미디어 아트 등 다양한 콘텐츠를 제작했습니다.",https://unrealsummit16.cafe24.com/2025/ufest25/speaker/JungMyungGuk.jpg,,,,,,,,,"이 세션에서는 1인 창작자가 언리얼 엔진의 제작 기술을 빠르게 습득하고 애니메이션 프로젝트를 완성하기까지의 여정을 소개합니다. 극장용 애니메이션을 완성하기 위해 언리얼 엔진을 도입하게 된 배경과 의미를 공유하며, 언리얼 엔진 완전 초보자가 애니메이션 제작 파이프라인을 적용해 나가는 과정에서 겪은 다양한 시행착오와 에피소드, 그리고 그 과정에서 얻은 유용한 팁과 활용법, 언리얼 엔진만의 강점들을 함께 공유하고자 합니다.","• 언리얼 엔진을 제작 파이프라인에 도입하게 된 배경<br>
• 1인 창작자로서 애니메이션 제작을 위한 파이프라인의 구성<br>
• 1인 창작자를 위한 여러가지 DCC와의 통합 방법<br>
• 작품의 제작 퀄리티를 높이기 위한 언리얼 엔진의 카메라, 라이팅 중요성<br>
• 제작을 위한 빠른 학습방법과 여러가지 유용한 학습용 팁<br>
• 1인 창작자가 지금 당장 언리얼 엔진을 도입해야하는 이유",언리얼 엔진을 활용하여 애니메이션을 제작하고자 하는 1인 또는 10인 미만의 소규모 제작사,"https://calendar.google.com/calendar/u/0/r/eventedit?text=언리얼페스트+서울+2025-+Day+1+TRACK+2+-+1인 창작자가 극장용 애니메이션을 제작하고 상영하기까지&dates=20250825T173000/20250825T182000&details=정명국, 자루스튜디오"
Day 1. 8월 25일(월)ㅣ17:30~18:20,"&lt;몬길: STAR DIVE&gt; 다이내믹 라이팅 세팅을 활용한 리얼타임 시퀀스 라이팅
","게임, 비주얼아트",중급,없음,"박상혁, 넷마블몬스터",팀장,"넷마블몬스터 비주얼프로덕션실에서 라이팅 팀장으로 재직 중이며, &lt;몬길: STAR DIVE&gt;, &lt;레이븐2&gt;, &lt;마블 퓨처 레볼루션&gt; 등의 인게임 시네마틱 라이팅 작업에 참여했습니다. 이전에는 애니메이션 회사에서 라이팅 팀장으로 재직하며 &lt;라바&gt; 시리즈, &lt;다이노코어&gt; 등 다수의 TV 애니메이션 프로젝트에 참여했습니다.",https://unrealsummit16.cafe24.com/2025/ufest25/speaker/parkSanghyuk.png,,,,,,,,,"이 세션에서는 서브컬처 게임에서 인게임 실시간 연출 시퀀스의 라이팅을 어떻게 구성했는지, 그리고 애니메이션, FX 팀 등 타 부서와의 협업에 시퀀서를 어떻게 활용했는지를 살펴봅니다.","• 실시간 라이팅 작업의 목표<br>
• 언리얼 시퀀서를 이용한 라이팅 작업<br>
• 모듈형 배경에서의 라이팅 작업<br>
• SDF&#40;Signed Distance Fields&#41;와 커스텀 셰이더를 이용한 캐릭터 라이팅<br>
• 퀄리티 향상을 위한 작업 방식",시퀀서를 이용한 인게임 리얼타임 라이팅에 관심 있는 3D 아티스트,"https://calendar.google.com/calendar/u/0/r/eventedit?text=언리얼페스트+서울+2025-+Day+1+TRACK+3+-+<몬길: STAR DIVE> 다이내믹 라이팅 세팅을 활용한 리얼타임 시퀀스 라이팅 &dates=20250825T173000/20250825T182000&details=박상혁, 넷마블몬스터"
Day 2. 8월 26일(화) | 10:00~10:50,"

영화 VFX 업체가 방대한 오픈월드 생존 RPG 게임을 개발할 수 있었던 방법","ALL, 프로그래밍, 비주얼아트",중급,없음,"한지수, 폴리모프",개발팀 팀장,현재 폴리모프에 재직 중이며 &lt;이프선셋&gt; 게임 초기 단계부터 개발자로 참여하였고 개발 팀장으로 &lt;이프선셋&gt;의 개발 총괄을 맡고 있습니다.,https://unrealsummit16.cafe24.com/2025/ufest25/speaker/hanjisu.jpg,"이수하, 폴리모프",아트팀 테크니컬 아티스트,현재 폴리모프에 재직 중이며 &lt;이프선셋&gt; 게임에 테크니컬 아티스트로 &lt;이프선셋&gt;에 필요한 아트 표현 기술들을 R&D하고 지원하고 있습니다.,https://unrealsummit16.cafe24.com/2025/ufest25/speaker/leesuhas.png,,,,,"이 세션에서는 영화 VFX의 에셋 납품사였던 &#40;주&#41;폴리모프가 인디 게임 개발사로 전환해, 방대한 오픈월드 생존 RPG 게임 &lt;이프선셋&gt;을  어떻게 개발하고 얼리 액세스까지 출시하게 되었는지 그 과정을 공유합니다. 또한, 개발 과정에서 언리얼 엔진의 다양한 기능들을 어떻게 활용했는지, 특히 가장 도움이 되었던 기능은 무엇이었는지도 함께 살펴봅니다.","• 영화 VFX 업체에서 게임 개발사로<br>
• 블루프린트: 아티스트에서 전문 개발자로 방대한 오픈월드를 빠르게 제작하기 위한 언리얼 엔진 활용<br>
• 협업 툴과의 연동성: 퍼포스와 월드 파티션을 활용한 월드 제작 방식 사례<br>
• 인디를 위한 언리얼: 인디 개발사에게 언리얼 엔진이 더욱 중요해진 현실적인 이유","오픈월드 게임 개발을 목표로 하는 인디 게임 개발사<br>
블루프린트를 활용한 게임 개발에 관심 있는 개발자 및 아티스트<br>
월드파티션, HLOD, 데이터 레이어, PCG에 관심 있는 개발자 및 아티스트","https://calendar.google.com/calendar/u/0/r/eventedit?text=언리얼페스트+서울+2025-+Day+2+TRACK+1+-+영화 VFX 업체가 방대한 오픈월드 생존 RPG 게임을 개발할 수 있었던 방법&dates=20250826T100000/20250826T105000&details=한지수,폴리모프/이수하,폴리모프"
Day 2. 8월 26일(화) | 10:00~10:50,기술 혁신으로 여는 창의적 스토리텔링의 미래,"애니메이션, 비주얼아트",초급,없음,"Blake Baxter, IEL",Co-founder &amp; CEO,"Blake는 Immersive Enterprise Laboratories&#40;IEL&#41;의 공동 CEO 이자 공동 창립자입니다. 그는 15년 이상 전략 자문과 10여 년간 벤처 캐피털과 사모 투자&#40;Private Equity&#41; 분야에서 경험을 쌓으며, 신흥 기술 기업의 글로벌 확장과 우수한 성과를 내는 팀 구축을 이끌어왔습니다. 또한 스타트업부터 다국적 기업까지 전략과 실행 전반에 전문성을 보유하고 있으며, UC Irvine 사회과학대학 위원으로 활동하며 학제 간 연구와 협력을 지원하고 있습니다.",https://unrealsummit16.cafe24.com/2025/ufest25/speaker/BlakeBaxter.png,"Daniel Urbach, IEL",Co-founder &amp; CCO,"Daniel은 Immersive Enterprise Laboratories&#40;IEL&#41;의 공동 CEO 이자 공동 창립자입니다. IEL 설립 전에는 Wonderfirst를 공동 설립해 IMAX 돔 극장을 위한 Impossible Science 쇼와 Fleet Science Center의 전시를 기획했습니다. 그는 Disney Animation, Fox Animation Domination High-Def 등에서 애니메이션 프로젝트에 참여했으며, Netflix, Apple, Comic-Con HQ, Sony 등 글로벌 기업과의 협업을 통해 스토리텔링과 디자인, 프로덕션 전반에서 폭넓은 전문성을 쌓아왔습니다.",https://unrealsummit16.cafe24.com/2025/ufest25/speaker/DanielUrbach.png,,,,,"언리얼 엔진과 실시간 비선형&#40;Non-Linear&#41;워크플로가 애니메이션 스토리텔링을 어떻게 새롭게 바꾸고 있는지 직접 경험해보세요. HP와 NVIDIA의 앞선 기술을 기반으로 한 IEL은 AI로 강화된 파이프라인을 통해 빠른 반복, 뛰어난 비주얼 품질, 그리고 더 큰 창의적 자유를 실현합니다. 이번 세션에서는 전통적인 스크린을 넘어, 새로운 몰입형 형식으로 확장되는 스토리의 가능성을 함께 만나실 수 있습니다.","• 언리얼 엔진이 애니메이션 워크플로를 혁신하는 방식 이해하기<br>
• IEL이 실시간 비선형 스토리텔링을 어떻게 구현했는지 배우기<br>
• HP Z 워크스테이션과 솔루션으로 워크플로를 가속화하는 방법 확인하기","최신 NVIDIA, HP 기술을 사용하여 애니메이션, 게임 개발 및 AI 렌더링 작업이 필요하신 분  ","https://calendar.google.com/calendar/u/0/r/eventedit?text=언리얼페스트+서울+2025-+Day+2+TRACK+2+-+기술 혁신으로 여는 창의적 스토리텔링의 미래&dates=20250826T100000/20250826T105000&details=Blake Baxter, IEL/Daniel Urbach, IEL"
Day 2. 8월 26일(화) | 10:00~10:50,언리얼 엔진을 활용한 전투기 정비훈련 시뮬레이터 구축,"시뮬레이션, XR",중급,없음,"이동훈, KAI",실장,"한국항공우주산업&#40;KAI&#41;에서 M&S 사업 전반을 총괄하고 있으며, 25년간 항공기 훈련체계 및 시뮬레이션 분야에 종사해 온 전문가입니다. 전투기, 헬리콥터, 잠수함, 수상함 등 다양한 군용 시뮬레이터의 국산화에 기여했으며, 최근에는 4차 산업혁명 기술을 접목한 군 교육훈련 매체 개발에 주력하고 있습니다. VR·MR, 디지털 트윈, AI 기반 조종 시뮬레이터 등 실시간 3D 기술을 활용한 차세대 훈련 솔루션 개발에 풍부한 경험을 보유하고 있습니다.",https://unrealsummit16.cafe24.com/2025/ufest25/speaker/leedonghun.jpg,"김대욱, 비브스튜디오스",기술 감독,"2004년 비브스튜디오스&#40;구 3D-Core&#41;에 입사하여 콘텐츠 제작자로 경력을 시작했으며, 현재는 다년간의 제작 경험을 바탕으로 언리얼 엔진 기술 감독&#40;Technical Director&#41;을 담당하고 있습니다.",https://unrealsummit16.cafe24.com/2025/ufest25/speaker/kimdaewook.jpg,,,,,"이 세션에서는 국산 전투기의 정비 훈련을 위해 언리얼 엔진 기반의 훈련 시뮬레이터를 구축한 사례를 공유합니다. UE5의 뛰어난 비주얼 퀄리티와 장비 호환성을 기반으로, 실제 하드웨어에 필요한 장착 및 탈거 절차, 작동 점검, 고장 진단 훈련 등을 실시간 시뮬레이션을 통해 몰입감 있는 가상 환경에서 수행할 수 있도록 어떻게 구현했는지 설명합니다. 또한, 반복되는 훈련 과정에서 발생하는 다양한 시나리오를 사용자가 직접 편집할 수 있는 기능에 대해서도 다룰 예정입니다.","• 전투기 정비훈련이란?<br>
•  전투기 정비 훈련의 현재와 사용자의 니즈<br>
•  DT와 가상 정비훈련 환경의 구축 <br>
•  전투기 설계 데이터를 활용한 콘텐츠 파이프라인 구축<br>
•  언리얼 엔진 기능을 활용한 정비훈련 시뮬레이션 플랫폼 구축<br>
•  비전: 언리얼 엔진을 활용한 지속 가능한 정비 훈련 시뮬레이션 콘텐츠 플랫폼 구축","군/민간 정비교육훈련 관련 기획자<br>
사용자 편집 기능이 포함된 VR 환경/플랫폼 개발자
","https://calendar.google.com/calendar/u/0/r/eventedit?text=언리얼페스트+서울+2025-+Day+2+TRACK+3+-+언리얼 엔진을 활용한 전투기 정비훈련 시뮬레이터 구축&dates=20250826T100000/20250826T105000&details=이동훈,KAI/김대욱,비브스튜디오스"
Day 2. 8월 26일(화) | 11:00~11:25,에픽 온라인 서비스&#40;EOS&#41;를 활용한 게임의 치팅 대응,"ALL, 프로그래밍",초급,없음,"김정욱, 에픽게임즈 코리아",시니어 게임 시큐리티 엔지니어,에픽게임즈 코리아에서 게임 시큐리티 엔지니어로 안티치트 개발에 직접 참여하고 있고 이전에는 넥슨에서 게임 보안 개발에 참여했습니다.,https://unrealsummit16.cafe24.com/2025/ufest25/speaker/kimjungwook.jpg,,,,,,,,,"에픽 온라인 서비스&#40;Epic Online Services, EOS&#41;는 다양한 플랫폼 게임 개발을 지원하는 에픽의 통합 서비스입니다. 이 세션에서는 EOS에 대한 사용법과 이지 안티 치트를 활용하여 치팅을 대응하기 위해 필요한 기술적·운영적 접근 방식을 소개합니다.","• 에픽 온라인 서비스에 대한 개요<br>
• 에픽 온라인 서비스를 활용한 게임의 치팅 대응: EOS Interface, SDK API, Web API, 운영 등에 대한 설명","게임 보안 솔루션 도입을 고려 중인 게임 개발사 및 개발자, 게임 보안 엔지니어<br>
게임 클라이언트 및 서버 엔지니어<br>
게임 서비스 운영자","https://calendar.google.com/calendar/u/0/r/eventedit?text=언리얼페스트+서울+2025-+Day+2+TRACK+1+-+에픽 온라인 서비스(EOS)를 활용한 게임의 치팅 대응&dates=20250826T110000/20250826T112500&details=김정욱, 에픽게임즈 코리아"
Day 2. 8월 26일(화) | 11:25~11:50,&lt;서든어택&gt;의 Easy Anti-Cheat 적용기,"ALL, 프로그래밍",초급,없음,"서미혜, 넥슨게임즈",과장,넥슨게임즈 SA스튜디오에서 보안 엔지니어로 재직 중이며 &lt;서든어택&gt; 프로젝트의 보안 전반 업무를 담당하고 있습니다.,https://unrealsummit16.cafe24.com/2025/ufest25/speaker/SeoMiHye.jpg,,,,,,,,,"이 세션에서는 라이브 서비스 중인 &lt;서든어택&gt; 프로젝트에 이지 안티 치트&#40;Easy Anti-Cheat&#41;를 도입하게 된 배경과 클라이언트/서버 사이드 연동 과정에서 겪었던 이슈, 고민, 그리고 트러블슈팅 등 실제 연동 과정 전반에 있었던 경험을 공유합니다.","• 이지 안티 치트 연동 배경<br>
• 이지 안티 치트 연동 과정<br>
• 이지 안티 치트 라이브 서비스","라이브 서비스 중인 게임에서 치트 대응을 위해 서드파티 보안 솔루션 도입을 고민 중인 개발팀 담당자<br>
게임 프로젝트 의보안성 강화를 고민하고 있는 개발 및 운영 담당자","https://calendar.google.com/calendar/u/0/r/eventedit?text=언리얼페스트+서울+2025-+Day+2+TRACK+1+-+<서든어택> Easy AntiCheat 적용기&dates=20250826T112500/20250826T115000&details=서미혜, 넥슨게임즈"
Day 2. 8월 26일(화) | 11:00~11:50,하이퍼 리얼리티 자연유산 에셋의 제작과 활용,"ALL, 디지털 트윈",초급,없음,"고명현, 문화유산기술연구소",수석연구원,"문화유산기술연구소 TRIC에서 수석연구원으로 재직 중이며, 국가유산에 대한 디지털 복원 및 아카이빙을 담당하고 있습니다. 언리얼 엔진을 활용한 미디어 아트 콘텐츠 제작 또한 담당하고 있으며 2024년 &lt;고양 벽제관지&gt;와 &lt;북한산성 행궁지&gt; 디지털 복원 프로젝트를 수행했고, 현재는 2025년 네이처 AI 디지털 아카이빙 연구를 진행하고있습니다.",https://unrealsummit16.cafe24.com/2025/ufest25/speaker/KoMyunghyun.jpg,,,,,,,,,"이 세션에서는 콘텐츠 제작의 핵심 요소인 지형, 수목 등 자연유산 에셋 제작 방법과 활용 방안을 다룹니다. 현재 수목과 지형 등 자연유산 에셋은 대부분 해외 데이터에 의존하고 있지만, 문화유산기술연구소는 풍부한 디지털 데이터 취득과 에셋 제작 경험을 바탕으로 고유한 에셋 데이터 구축에 힘쓰고 있습니다. 이 세션에서는 그 성과의 일부를 소개하며, 지금까지 콘텐츠 제작자들이 갈망해온 초고퀄리티 자연환경 에셋의 다양화를 제시하고, 더 많은 제작자들이 직접 에셋 제작에 도전할 수 있도록 방향성을 제안하고자 합니다.


","• 문화유산기술연구소&#40;TRIC&#41; 소개<br>
• 포토그래메트리 3D 스캔을 통한 자연유산 데이터 취득과 리얼리티캡처를 활용한 정합<br>
• 언리얼 엔진과 트윈모션에서의 제작 에셋 데이터의 활용<br>
• 자연유산 에셋 데이터의 가치와 미래","레벨 제작에 관심 있는 아티스트<br>
영화/VFX/게임 시네마틱 등 고퀄리티 영상 제작에 관심 있는 제작자<br>
3D 스캔 등의 디지털 트윈 관련 기술에 관심 있는 작업자","https://calendar.google.com/calendar/u/0/r/eventedit?text=언리얼페스트+서울+2025-+Day+2+TRACK+2+-+하이퍼 리얼리티 자연유산 에셋의 제작과 활용&dates=20250826T110000/20250826T115000&details=고명현, 문화유산기술연구소"
Day 2. 8월 26일(화) | 11:00~11:50,언리얼 엔진과 에픽 에코시스템을 통한 시뮬레이션 산업의 혁신,"시뮬레이션, 디지털 트윈",초급,없음,"Mark Collins, Epic Games
",Senior Global Business Development Lead ,"Mark는 군사 및 방위 훈련·시뮬레이션 분야에서 오랜 경험을 갖춘 전문가로, 영국 육군 복무 후 주요 방산 기업들과 함께하며 업계에 기여해 왔습니다. 2020년 에픽게임즈에 합류해 시뮬레이션 분야 글로벌 비즈니스 개발을 이끌고 있으며, 파트너십 확대와 산업 내 혁신을 통해 기술 도입을 주도하고 있습니다.",https://unrealsummit16.cafe24.com/2025/ufest25/speaker/markcollins.jpg,"Alban Bergeret, Epic Games",Unreal Engine Solution Architect Director,"Alban은 20년 이상의 경력을 보유한 시뮬레이션 전문가로, 디지털 트윈, 자동차 및 철도 시뮬레이션, 방위 산업 등 다양한 분야에서 전문성을 쌓아왔습니다. 프로젝트 매니저, 소프트웨어 아키텍트 등 여러 핵심 역할을 수행하며 훈련 시뮬레이터 개발을 성공적으로 이끌었습니다. 2020년부터는 에픽게임즈 몬트리올 지사에서 시뮬레이션 분야 솔루션 아키텍트로 근무하며, 글로벌 커뮤니티를 지원하는 동시에 다양한 산업군을 대상으로 하는 솔루션 아키텍트 팀을 이끌며 기술 혁신을 주도하고 있습니다.",https://unrealsummit16.cafe24.com/2025/ufest25/speaker/albanbergeret.jpg,,,,,"이 세션에서는 시뮬레이션, 지리공간, 디지털 트윈 산업에 종사하는 개발자 및 전문가를 대상으로 에픽 에코시스템의 다양한 툴들이 글로벌 시뮬레이션 산업에 어떤 혁신을 가져오고 있는지를 살펴볼 예정입니다. 또한, 정확한 하늘 시뮬레이션이 가능한 Celestial Vault 플러그인과 지리공간 데이터를 활용한 합성 환경을 구축하는 &lt;Project Atlante&gt; 등 흥미로운 신규 기능과 최신 업데이트도 함께 공유합니다.
","• 에픽 시뮬레이션 팀의 역할 소개<br>
• 시뮬레이션 활용 사례 및 고객 성과 공유<br>
• 지리공간 데이터를 활용한 월드 제작: &lt;Project Atlante&gt; 업데이트<br>
• 사실적인 밤 하늘 구현: Celestial Vault 플러그인",시뮬레이션 및 디지털 트윈 개발에 관심 있는 분,"https://calendar.google.com/calendar/u/0/r/eventedit?text=언리얼페스트+서울+2025-+Day+2+TRACK+3+-+언리얼 엔진과 에픽 에코시스템을 통한 시뮬레이션 산업의 혁신&dates=20250826T110000/20250826T115000&details=Mark Collins, Epic Games
/Alban Bergeret, Epic Games"
Day 2. 8월 26일(화)ㅣ13:00~13:50,꼭 써봐야 할 나이아가라 고급 개념들,"ALL, 비주얼아트",중급,없음,"Chris Murphy, Epic Games",Principal Technical Artist,"에픽게임즈의 디벨로퍼 릴레이션 팀의 시니어 테크니컬 아티스트로, 10년 이상의 언리얼 엔진 경험과 다양한 플랫폼의 게임 개발 경력을 보유하고 있습니다. Chris Murphy는 언리얼 엔진을 개발자들이 성공적인 프로젝트를 제작할 수 있도록 기술 지원과 자문을 제공하고 있습니다.",https://unrealsummit16.cafe24.com/2025/ufest25/speaker/chrismurphy.png,,,,,,,,,"나이아가라에는 아직 많은 분들이 잘 모르는 매우 유용한 기능들이 많이 있습니다. 예를 들어, 데이터 채널을 활용하여 수백 개의 이미터를 하나의 드로 콜로 처리할 수 있고, 이웃 그리드를 활용하면 파티클 간의 상호작용을 통해 복잡한 동작을 구현할 수 있으며, 시뮬레이션 스테이지를 통해 단 하나의 파티클 없이도 동적인 이펙트를 제작할 수 있습니다. 이 세션에서는 여러분의 팀 프로젝트에서 더욱 향상된 이펙트와 효과적인 비주얼 구현에 큰 도움이 되는 꼭 활용해야 할지도 모를 나이아가라의 잘 알려지지 않은 기능들을 다룰 예정입니다.","• 시뮬레이션 스테이지 기반의 렌더링 제작<br>
• 캐릭터에 충돌 지점을 그려주는 파티클 제작<br>
• 위 기능들을 이웃 그리드를 활용해 효율적으로 구현<br>
• 데이터 채널을 활용해 고밀도의 VFX 씬 최적화",나이아가라의 기초를 이해하고 있으며 더 나은 퍼포먼스와 퀄리티를 위한 고급 기술을 배우고자 하는 개발자,"https://calendar.google.com/calendar/u/0/r/eventedit?text=언리얼페스트+서울+2025-+Day+2+TRACK+1+-+꼭 써봐야 할 나이아가라 고급 개념들&dates=20250826T130000/20250826T135000&details=Chris Murphy, Epic Games"
Day 2. 8월 26일(화)ㅣ13:00~13:50,전통 공간을 실시간 콘텐츠로: K-헤리티지의 언리얼 엔진 구현 사례,"방송&라이브이벤트, 디지털 트윈",초급,없음,"임주영, 웨스트월드",연구소장,"
웨스트월드 기술연구소장이자 홍익대학교 영상디자인 대학원 외래교수로 &lt;고요의 바다&gt;, &lt;택배기사&gt;, &lt;D.P. 시즌 2&gt; 등의 프로젝트의 버추얼 프로덕션 총괄을 수행했습니다.",https://unrealsummit16.cafe24.com/2025/ufest25/speaker/limjooyoung.png,,,,,,,,,"이 세션에서는 고해상도 실사 데이터를 기반으로 한 실시간 콘텐츠 제작 파이프라인을 중심으로, 스캔 데이터의 수집부터 언리얼 엔진 연동, 그리고 한국적인 프로시저럴 제작 방식 및 협업 사례까지 전반적인 제작 프로세스를 소개합니다. 특히, 한국 전통 건축물의 자동화 구축 방식과 스튜디오 간 공동 제작 사례를 통해 실무에서의 협업 구조와 통합 파이프라인에 대한 인사이트를 공유하고, 반복 활용이 가능한 자산 구축 및 확장 가능한 콘텐츠 제작 전략도 함께 다룹니다.","• 현실에서 리얼타임으로: 스캔에서 언리얼 엔진까지<br>
• 스튜디오 간 협업: 언리얼 엔진 내 작업 <br>
• 확장성을 고려한 제작: 스캔 데이터 기반 모듈 분석 & 프로시저럴 프로세스 <br>
• 스마트 에셋 라이브러리: 라이브러리 구축 사례<br>","언리얼 엔진을 활용한 실사 기반 콘텐츠 제작에 관심 있는 개발자<br>
실시간 프로덕션 파이프라인 구축을 고민 중인 VFX/3D 아티스트, 테크니컬 디렉터, 콘텐츠 제작사 및 스튜디오 관계자<br>
스캔 데이터 처리 및 협업 구조 통합에 관심 있는 실무자","https://calendar.google.com/calendar/u/0/r/eventedit?text=언리얼페스트+서울+2025-+Day+2+TRACK+2+-+전통 공간을 실시간 콘텐츠로: K-헤리티지의 언리얼 엔진 구현 사례&dates=20250826T130000/20250826T135000&details=임주영, 웨스트월드"
Day 2. 8월 26일(화)ㅣ13:00~13:50,"&lt;Virtual Factory Builder&gt;: 언리얼 엔진으로 디지털 트윈 혁신하기
","시뮬레이션, 디지털 트윈",중급,없음,"김성곤, 현대오토에버",팀장,"지난 20년간 현대차와 덴소 등 글로벌 완성차 기업에서의 경험을 바탕으로, 다양한 조직에서 제조 산업의 스마트팩토리 전환 프로젝트를 이끌며 디지털 전환을 주도해왔습니다. IT 기술 전문가이자 전략가로서, 자체 솔루션 개발 및 플랫폼 기반 접근을 통해 공급망 전반의 엔드투엔드 가시성을 확보하고, 실질적인 제조 혁신을 실현하고 있습니다.
",https://unrealsummit16.cafe24.com/2025/ufest25/speaker/kimsunggon.jpg,"주희진, 현대오토에버",책임,"소프트웨어 엔지니어로 현대차그룹 싱가포르 글로벌 혁신 센터&#40;HMGICS&#41;의 디지털 트윈 구축에 참여했고, 자사 디지털 트윈 솔루션인 &lt;Virtual Factory Builder&gt;의 설계 및 개발을 주도했습니다.",https://unrealsummit16.cafe24.com/2025/ufest25/speaker/juheejin.jpg,,,,,"이 세션에서는 언리얼 엔진 5를 기반으로 개발한 디지털 트윈 솔루션 &lt;Virtual Factory Builder&gt;를 소개합니다. 다양한 산업 분야에서 고객이 직접 디지털 트윈을 구축할 수 있도록 설계된 본 솔루션의 개발 배경, 철학, 주요 기능을 공유합니다.","• Digital Twin as a Platform: 플랫폼으로서의 디지털 트윈이 필요한 이유<br>
• 왜 UE인가: 언리얼 엔진이 디지털 트윈 플랫폼으로서 갖는 강점 <br>
• &lt;Virtual Factory Builder&gt;: 현대오토에버 디지털 트윈 솔루션 소개 <br>
• 도전과 돌파: 솔루션 개발 과정 중 겪었던 어려움과 극복 사례 ",디지털 트윈 도입을 준비하는 산업 종사자 또는 IT 담당자,"https://calendar.google.com/calendar/u/0/r/eventedit?text=언리얼페스트+서울+2025-+Day+2+TRACK+3+-+<Virtual Factory Builder>: 언리얼 엔진으로 디지털 트윈 혁신하기&dates=20250826T130000/20250826T135000&details=김성곤, 현대오토에버/주희진, 현대오토에버"
Day 2. 8월 26일(화)ㅣ14:00~14:50,상호작용 렌더링 플러그인 개발기,"게임, 프로그래밍, 비주얼아트",중급,없음,"김용남, 넥슨코리아",테크니컬 아티스트,"넥슨코리아에서 테크니컬 아티스트로 재직 중이며 이전에는 &lt;검은사막&gt; PC 개발에 참여했습니다. 넥슨코리아에서는 언리얼 엔진을 사용해 &lt;어센던트 원&gt;의 TA, &lt;워헤이븐&gt;의 TAD로 개발에 참여했으며, 현재는 개발관리그룹 엔진팀에서 여러 프로젝트를 지원하고 있습니다.",https://unrealsummit16.cafe24.com/2025/ufest25/speaker/kimyongnam.jpg,,,,,,,,,"엔진팀에 근무하며 여러 프로젝트를 지원하기 위해 플러그인 형태로 렌더링 기능을 개발하게 되었습니다. 이 세션에서는 상호작용 플러그인을 개발하며 겪은 내용 및 렌더링 확장 기능을 소개하면서, 언리얼 엔진의 렌더링 플러그인 개발 방법을 알아봅니다.","• 넥슨 엔진팀 소개<br>
• 플러그인 제작 프로세스<br>
• 상호작용 플러그인 만들기 <br>
• TrailRenderer 소개 <br>
• WorldSubSystem<br>
• SceneViewExtension<br>
• CustomRenderPass<br>
• 나이아가라 ComputeShader<br>
• 추가 플러그인 제작 아이디어 소개",렌더링 플러그인 개발에 관심이 있는 프로그래머 및 테크니컬 아티스트,"https://calendar.google.com/calendar/u/0/r/eventedit?text=언리얼페스트+서울+2025-+Day+2+TRACK+1+-+상호작용 렌더링 플러그인 개발기&dates=20250826T140000/20250826T145000&details=김용남, 넥슨코리아"
Day 2. 8월 26일(화)ㅣ14:00~14:50,K-POP 가상 무대 제작 워크플로: 음악 방송 제작 사례를 중심으로,"방송&라이브이벤트, 버추얼프로덕션",초급,없음,"이상헌, 메타로켓 ",대표,"메타로켓에서 CTO 겸 CEO로 재직 중이며 서울대학교 전기컴퓨터공학부에서 신호처리 석사를 마치고 2008년부터 15년간 비디오 엔지니어 테크니컬 디렉터, VFX 슈퍼바이저, 라이팅 디자이너 등 방송 분야의 다양한 직무를 수행했습니다. MBC 사내벤처 제도를 통해 2023년 창업했으며, 언리얼 엔진을 활용한 실가상 콘텐츠를 제작하고 있습니다.",https://unrealsummit16.cafe24.com/2025/ufest25/speaker/LeeSangHeon.jpg,"하수민, 메타로켓 ",레벨 디자이너 겸 테크니컬 아티스트,"메타로켓에서 레벨 디자이너 겸 테크니컬 아티스트로 재직 중이며, 언리얼 엔진을 활용해 라이브 선거방송 &lt;MBC 선택 2024&gt;의 XR 배경 제작 및 PLAVE를 포함한 다수의 버추얼 아이돌 음악방송 무대 제작 프로젝트에 참여했습니다.",https://unrealsummit16.cafe24.com/2025/ufest25/speaker/Hasumin.png,,,,,"이 세션에서는 언리얼 엔진을 활용한 K-POP 가상 무대 제작의 개요와 흐름을 소개하고, 이를 실제 음악 방송 제작 사례를 통해 설명합니다. 또한, 현실 무대 조명과 가상 무대 조명의 연동 기술 등 가상 무대 연출에 필요한 핵심 요소들도 간단히 다룹니다.","• 지상파 K-POP 방송 제작 워크플로 개요<br>
• 언리얼 엔진 기반 가상 무대 기술의 핵심 요소 및 구성<br>
• 가상 무대 기술로 재해석한 K-POP 방송 제작 워크플로와 사례 소개<br>
• DMX 기반 현실·가상 조명 연동 기술 소개","언리얼 엔진을 활용한 K-POP 가상 무대 제작에 관심 있는 버추얼 아이돌 제작사 및 아티스트<br>
기존 K-POP 음악방송 스타일의 무대 및 조명 연출에 관심 있는 가상 공연 제작자 및 실무자","https://calendar.google.com/calendar/u/0/r/eventedit?text=언리얼페스트+서울+2025-+Day+2+TRACK+2+-+K-POP 가상 무대 제작 워크플로: 음악 방송 제작 사례를 중심으로&dates=20250826T140000/20250826T145000&details=이상헌, 메타로켓 /하수민, 메타로켓"
Day 2. 8월 26일(화)ㅣ14:00~14:50,조선업과 3D 기반 디지털 트랜스포메이션,"시뮬레이션, 디지털 트윈",초급,없음,"조승호, 삼성중공업",프로,"삼성중공업에 입사하여 자동화 시스템 설계를 담당하다가 현재는 사내에 필요한 다양한 VR 콘텐츠 개발을 담당하고 있습니다. 중공업의 특성상 안전사고가 많이 발생하는 점을 고려해 안전체험 콘텐츠 위주로 개발했으며, 현재는 다양한 직군의 교육 및 훈련 콘텐츠 개발을 담당하고 있습니다. 또한 선박과 관련된 다양한 분야의 디지털 트윈도 개발하였습니다.",https://unrealsummit16.cafe24.com/2025/ufest25/speaker/JoSeungHo.jpg,,,,,,,,,이 세션에서는 조선업이라는 노동 집약적인 산업 분야에서 언리얼 엔진이 어떻게 활용되고 있는지 공유합니다. 전공자가 아니더라도 다양한 직무에서 자신만의 노하우를 바탕으로 전문적인 콘텐츠를 개발할 수 있다는 인사이트를 공유하고자 합니다.,"• 조선업에 대한 간략한 현황<br>
• 조선업에 언리얼 엔진을 도입하게 된 배경<br>
• 언리얼 엔진을 활용한 솔루션 개발 및 적용 사례<br>
• 향후 계획","교육 훈련 콘텐츠 개발자<br>
산업 분야에 언리얼 엔진을 접목한 솔루션 개발자<br>
언리얼 엔진의 산업 분야 활용에 관심 있는 분","https://calendar.google.com/calendar/u/0/r/eventedit?text=언리얼페스트+서울+2025-+Day+2+TRACK+3+-+조선업과 3D 기반 디지털 트랜스포메이션&dates=20250826T140000/20250826T145000&details=조승호, 삼성중공업"
Day 2. 8월 26일(화)ㅣ15:00~15:50,&lt;낙원: LAST PARADISE&gt; 렌더링 최적화 시도 및 사례,"게임, 프로그래밍",고급,없음,"강준수, 넥슨코리아",엔진프로그래머,"넥슨코리아 엔진팀에서 엔진프로그래머로 근무하며 &lt;낙원: LAST PARADISE&gt;, &lt;프로젝트 EL&gt; 등 여러 언리얼 엔진 5 프로젝트들의 지원 업무를 담당했습니다. 이전에는 원더피플의 엔진프로그래머로 재직했으며, &lt;슈퍼피플&gt;의 그래픽스 최적화, 로딩 최적화 등을 담당했습니다.",https://unrealsummit16.cafe24.com/2025/ufest25/speaker/kangjunsu.png,,,,,,,,,"이 세션에서는 현재 넥슨에서 개발중인 &lt;낙원: LAST PARADISE&gt;를 중심으로 엔진팀에서 수행한 주요 최적화 사례들을 소개합니다. 세 가지 핵심 최적화 사례를 중심으로 각각 어떤 문제가 있었는지, 원인은 무엇이었는지, 그리고 이를 어떻게 해결했는지 구체적으로 살펴봅니다. 또한, 이러한 사례를 설명하는 과정에서 언리얼 엔진 5의 렌더링 엔진 내부 동작 구조 및 그래픽스 이론에 대해서도 함께 알아봅니다.","• 나나이트 최적화: 임포스터와 병합된 메시 테스트<br>
• 볼류메트릭 포그 최적화: 스카이 오클루전<br>
• 프론트 레이어 리플렉션 최적화: 다운스케일 테스트","언리얼 엔진 5 렌더링 최적화에 관심 있는 프로그래머 및 테크티컬 아티스트<br>
언리얼 엔진 5의 렌더링 엔진 구현이나 그래픽스 이론에 관심 있는 프로그래머<br>
타분야의 최적화 방식이나 아이디어에 관심 있는 프로그래머","https://calendar.google.com/calendar/u/0/r/eventedit?text=언리얼페스트+서울+2025-+Day+2+TRACK+1+-+<낙원: LAST PARADISE> 렌더링 최적화 시도 및 사례&dates=20250826T150000/20250826T155000&details=강준수, 넥슨코리아"
Day 2. 8월 26일(화)ㅣ15:00~15:50,"&lt;유랑&gt;의 제작 트레일러 샘플로 보는 언리얼 엔진 애니메이션 제작 과정
","애니메이션, 디지털 휴먼",중급,없음,"김진우, 쿠트이미지웍스",대표,"쿠트이미지웍스에서 다양한 게임 시네마틱 및 인게임 컷신을 기획·제작했으며, 언리얼 엔진으로 제작한 시네마틱 영상 총 44종과 인게임 컷신 8종의 제작을 담당했습니다.",https://unrealsummit16.cafe24.com/2025/ufest25/speaker/kimjinwoo.jpg,,,,,,,,,"이 세션에서는 쿠트 이미지웍스가 기획 중인 시리즈 애니메이션 &lt;유랑&gt;의 짧은 샘플 제작 영상을 바탕으로 언리얼 엔진과 메타휴먼을 활용한 애니메이션 제작 과정을 살펴봅니다. 메타휴먼의 커스텀 제작 방법을 살펴보고, 시나리오, 아트, 사운드 작업이 동시에 이루어지는 초반 단계인 프리비즈&#40;Previs&#41; 제작 과정에 대해 설명합니다.","• 효율적인 애니메이션 월드 제작을 위한 아트워크 작업 방식<br>
• AI 기반 실시간 모션 캡처 기능을 활용한 진일보한 애니메이션 제작 방식<br>
• 메타휴먼을 활용한 효율적인 캐릭터 제작 파이프라인 구축 <br>
• 제작 초반부터 후반까지 전체 과정을 아우르는 사운드 작업 방식",언리얼 엔진을 활용한 애니메이션 제작에 관심 있는 스타트업 및 개인 창작자,"https://calendar.google.com/calendar/u/0/r/eventedit?text=언리얼페스트+서울+2025-+Day+2+TRACK+2+-+<유랑>의 제작 트레일러 샘플로 보는 언리얼 엔진 애니메이션 제작 과정&dates=20250826T150000/20250826T155000&details=김진우, 쿠트이미지웍스"
Day 2. 8월 26일(화)ㅣ15:00~15:50,"언리얼 엔진을 활용한 제조 SW 개발의 빠른 프로토타이핑과 의사결정
","시뮬레이션, 디지털 트윈",초급,없음,"신종호, 현대자동차",책임매니저,현대자동차 제조솔루션 본부에서 10년간 제조 신기술 개발 업무를 담당하고 있습니다. 현재는 디지털 트윈 기반 스마트 팩토리 전개를 하고 있습니다.,https://unrealsummit16.cafe24.com/2025/ufest25/speaker/shinjongho.png,,,,,,,,,이 세션에서는 현대자동차의 스마트 팩토리 브랜드인 &lt;E-FOREST&gt;와 신공장 &lt;광명 EVO Plant&gt;를 소개합니다. 비 개발자 출신의 제조 엔지니어가 UE5를 통해 빠르게 프로토타이핑해 의사결정 및 프로젝트 진행을 가속화하는 과정에 대하여 소개합니다.,"• 현대자동차그룹 스마트 팩토리 브랜드 &lt;E-FOREST&gt;소개 <br>
• &lt;광명 EVO Plant&gt; 소개 <br>
• &lt;광명 EVO Plant&gt; 디지털 트윈 개발 과정: 프로토타입부터 결과까지<br>
• &lt;광명 EVO Plant&gt; 프로토타입<br>
• &lt;광명 EVO Plant&gt; 결과<br>
• &lt;E-FOREST&gt;가 그리는 미래 자동차 제조 공장<br>
• 언리얼 엔진을 활용한 빠른 프로토타이핑 및 의사결정으로 프로젝트 성공 가속화","디지털 트윈 도입을 준비하는 제조 산업 종사자<br>
언리얼 엔진 입문을 고민하는 초보 개발자","https://calendar.google.com/calendar/u/0/r/eventedit?text=언리얼페스트+서울+2025-+Day+2+TRACK+3+-+언리얼 엔진을 활용한 제조 SW 개발의 빠른 프로토타이핑과 의사결정&dates=20250826T150000/20250826T155000&details=신종호, 현대자동차"
Day 2. 8월 26일(화)ㅣ16:20~17:10,아티스트들이 구축한 에셋 리뷰 환경: 스타일라이즈드 스타일까지 폭넓은 라이팅 지원하기,"게임, 비주얼아트",중급,없음,"Ruito Harada, ATLUS",Technical Artist,"언리얼 엔진을 활용한 대규모 게임 개발 경험을 바탕으로 2024년 8월에 ATLUS에 테크니컬 아티스트로 합류하여 재직 중이며, 렌더링 관련 작업과 워크플로 최적화를 담당하고 있습니다.
",https://unrealsummit16.cafe24.com/2025/ufest25/speaker/RuitoHarada.jpg,,,,,,,,,"비주얼 작업을 진행하다 보면 에셋이 그림자에 의해 뭉개지거나, 과도하게 밝아지거나, 의도보다 지나치게 발광하거나, 리플렉션이 부족한 매트한 느낌이 되는 등 에셋의 색상과 머티리얼 세팅을 수정할지, 라이팅을 조정할지를 고민하게 됩니다. 하지만 의도된 연출이 아닌 이상, 에셋은 모든 씬에서 일관된 스타일을 유지해야 합니다. 이를 위해 ATLUS는 모든 팀이 일정한 조건에서 에셋을 확인할 수 있도록 통합 리뷰 환경을 구축했습니다. 이 세션에서는 아티스트와 테크니컬 아티스트 관점에서 에셋의 비일관성을 최소화하기 위한 내부 워크플로와 그 적용 사례를 공유합니다.","• 내부 에셋 리뷰 환경 소개 및 중요성<br>
• 디자이너가 접근 가능한 에셋 리뷰 환경 구현하기 &#40;위젯 블루프린트, 파노라마 렌더링 등 활용&#41; <br>
• 노출 기반 라이팅 개념 및 상세 설명<br>
• 회의실을 활용한 언리얼 엔진 내 스튜디오 라이팅 환경 구현하기","아티스트<br>
워크플로 최적화에 관심 있는 테크니컬 아티스트<br>
멋진 에셋 감상을 좋아하는 아티스트 및 테크니컬 아티스트","https://calendar.google.com/calendar/u/0/r/eventedit?text=언리얼페스트+서울+2025-+Day+2+TRACK+1+-+아티스트들이 구축한 에셋 리뷰 환경: 스타일라이즈드 스타일까지 폭넓은 라이팅 지원하기&dates=20250826T162000/20250826T171000&details=Ruito Harada, ATLUS"
Day 2. 8월 26일(화)ㅣ16:20~17:10,고퀄리티 FX: Houdini에서 언리얼 엔진까지 ,"게임, 영화&TV, 비주얼아트",중급,없음,"최길남, Kong Studios&#44; Inc&#46;",테크니컬 아트 디렉터,"미국 Kong Studios에서 테크니컬 아트 디렉터로 재직 중이며, 이전에는 많은 헐리우드 블록버스터 영화 &lt;어벤져스&gt; 시리즈, &lt;아쿠아맨&gt;, &lt;샤잠! 신들의 분노&gt;, &lt;트랜스포머&gt; 시리즈, &lt;퍼시픽 림&gt;, &lt;워크래프트&gt; 등에서 이펙트 슈퍼바이저와 아티스트로 참여했고, 언리얼 엔진과 Houdini를 이용한 인게임 시네마틱으로는 &lt;콜 오브 듀티&gt;, &lt;콜 오브 듀티: 뱅가드&gt;, &lt;백 4 블러드&gt; 등에서 복잡한 이펙트를 구현했습니다.",https://unrealsummit16.cafe24.com/2025/ufest25/speaker/ChoiGilnam.jpg,,,,,,,,,이 세션에서는 Houdini를 활용하여 영화에서 사용되는 고퀄리티 이펙트를 언리얼 엔진에서 구현하는 방법을 보여주는 기술 데모 형식으로 소개합니다. Houdini에서 제작된 다양한 이펙트를 언리얼 엔진으로 가져와 게임에서도 영화 수준의 시네마틱 비주얼 효과를 구현하는 과정을 다룹니다. ,"• 우리의 목표: 영화 같은 VFX 퀄리티를 게임 엔진으로 구현하기 <br>
• 영화 속의 사실감의 비결은 무엇인가?<br>
• 어떻게 구현할 것인가? Houdini와 언리얼 엔진을 활용한 방법<br>
• 그리고 아직 풀어야 할 도전 과제들","수준 높은 VFX 영상을 Houdini와 언리얼 엔진을 이용해서 구현하고자 하는 아티스트<br>
시네마틱 영상 제작에 언리얼 엔진 도입을 준비하는 영화, 게임 시네마틱 제작자<br>
게임플레이에서 더 수준 높은 VFX 구현 가능성을 고민하는 게임 개발자","https://calendar.google.com/calendar/u/0/r/eventedit?text=언리얼페스트+서울+2025-+Day+2+TRACK+2+-+고퀄리티 FX: Houdini에서 언리얼 엔진까지 &dates=20250826T162000/20250826T171000&details=최길남, Kong Studios, Inc."
Day 2. 8월 26일(화)ㅣ16:20~17:10,언리얼 엔진 5를 활용한 차량 내비게이션 구현,"자동차, 프로그래밍",중급,없음,"오기태, 현대오토에버",책임,현대오토에버에서 내비게이션 지도 표시 모듈의 그래픽스 엔진 개발자로 재직 중입니다.,https://unrealsummit16.cafe24.com/2025/ufest25/speaker/OhGitae.png,"남수현, 현대오토에버",책임,"현대오토에버의 그래픽스엔진개발팀에서 소프트웨어 엔지니어로 재직 중입니다. Linux, Android 기반의 차량 임베디드 환경에서 구동하는 그래픽스 엔진의 GIS 데이터 컨버팅, 내비게이션 서비스 인터페이스를 담당하여 개발하고 있습니다.",https://unrealsummit16.cafe24.com/2025/ufest25/speaker/namsuyheon.png,,,,,이 세션에서는 현대오토에버 내비게이션 엔진의 지도 표시 모듈과 언리얼 엔진 5를 융합한 차세대 내비게이션에 대해 소개합니다. 온라인 벡터 지도 데이터를 실시간으로 렌더링하며 언리얼 엔진으로 구현한 다양한 그래픽 효과를 적용하는 방법에 대해 설명합니다.,"• 현대오토에버 내비게이션 엔진의 지도 표시 모듈과 언리얼 엔진 연동 방법 및 렌더링 파이프라인 소개<br>
• 실시간으로 지도 데이터들을 UObject로 생성하는 방법<br>
• 차량 내비게이션 제작 시 발생한 이슈 및 해결 방법 공유","GIS&#40;Geographic Information System&#41; 소프트웨어 엔지니어<br>
자동차 소프트웨어 엔지니어<br>
임베디드 시스템 개발자","https://calendar.google.com/calendar/u/0/r/eventedit?text=언리얼페스트+서울+2025-+Day+2+TRACK+3+-+언리얼 엔진 5를 활용한 차량 내비게이션 구현&dates=20250826T162000/20250826T171000&details=오기태, 현대오토에버/남수현, 현대오토에버"
Day 2. 8월 26일(화)ㅣ17:20~18:10,라이팅 팁: 라이트를 이해하는 법&#40;feat. CG 아티스트들이 라이트에 관심 없는 이유&#41;,"ALL, 비주얼아트",초급,없음,"Yoichi Kimura, SQUARE ENIX",Lighting/Graphic Technical Supervisor,"1990년경부터 잡지와 광고를 중심으로 프리랜서 사진작가로 활동하였으며, 2000년경부터 포토리얼 3D CG 작업을 시작했습니다. SQUARE ENIX와의 외주 작업을 계기로 정식 직원으로 합류했으며, 현재는 라이팅 및 렌더링의 기술을 중심으로 다양한 프로젝트에 참여하고 있습니다.",https://unrealsummit16.cafe24.com/2025/ufest25/speaker/yoichikimura.jpg,,,,,,,,,"UE5의 루멘은 CG 라이팅 반복 작업에 혁신적인 변화를 가져왔습니다. 이를 제대로 활용하기 위해 필요한 것은 전통적인 라이팅 기법이나 교과서적 지식이라기보다는, 자신의 눈으로 직접 관찰하고, 예술적 감각을 바탕으로 실시간으로 라이팅을 다듬을 수 있는 능력입니다. 이 세션에서는 라이팅의 진정한 목적을 되짚어 보며, 좋은 라이팅을 위한 감각을 어떻게 키워야 하는지에 대한 인사이트를 제공하고자 합니다.","• 서론: 세션의 주제와 루멘이 가져온 라이팅 분야의 기술 혁신<br>
• 라이팅을 관찰하기 <br>
• 언리얼 엔진에서의 실용적인 라이팅 팁<br>
• 라이팅 워크플로<br>
• 결론",언리얼 엔진 라이팅에 관심 있는 아티스트,"https://calendar.google.com/calendar/u/0/r/eventedit?text=언리얼페스트+서울+2025-+Day+2+TRACK+1+-+라이팅 팁: 라이트를 이해하는 법(feat. CG 아티스트들이 라이트에 관심 없는 이유)&dates=20250826T172000/20250826T181000&details=Yoichi Kimura, SQUARE ENIX"
Day 2. 8월 26일(화)ㅣ17:20~18:10,언리얼 엔진이 실현하는 콘텐츠 제작의 진화:<br>애니메이션 &lt;킹 오브 킹스&gt;와 영화 &lt;사조영웅전&gt;을 중심으로,"영화&TV, 버추얼프로덕션",중급,없음,"진교현, 모팩스튜디오",버추얼 프로덕션 수퍼바이저,"모팩스튜디오에서 버추얼 프로덕션 수퍼바이저로 재직 중이며 언리얼 엔진의 사내 도입과 연구개발을 주도해왔습니다. ICVFX 스테이지 운영을 포함해 &lt;한산: 용의 출현&gt;, &lt;서울대작전&gt;, &lt;넷플릭스 버추얼 프로덕션 오픈하우스&gt;, &lt;RM 'Come Back to Me'&gt;등 다양한 프로젝트의 버추얼 프로덕션 기술을 총괄했습니다. 또한 성균관대학교 영상학과 겸임교수로 학생들을 가르치고 있습니다.
",https://unrealsummit16.cafe24.com/2025/ufest25/speaker/jingyohyun.png,"강한결, 모팩스튜디오",프로덕션 테크니션,"모팩스튜디오에서 버추얼 프로덕션 테크니션으로 재직 중이며 &lt;RM 'Come Back to Me'&gt;, &lt;사조영웅전: 협지대자&gt;, &lt;넷플릭스 버추얼 프로덕션 오픈하우스&gt; 등의 프로젝트에 참여했습니다.",https://unrealsummit16.cafe24.com/2025/ufest25/speaker/kanghangyeol.png,,,,,"영화와 애니메이션 등 영상 장르의 벽을 허물고, 프리 프로덕션부터 포스트 프로덕션까지 실시간으로 제작 전 과정을 연결하는 버추얼 프로덕션은 영상 제작 방식의 새로운 패러다임을 제시하고 있습니다. 이 세션에서는 장편 애니메이션 &lt;킹 오브 킹스&gt; 제작기를 중심으로, 언리얼 엔진 도입 과정과 버추얼 프로덕션 기술이 지난 몇 년간 이끌어온 변화와 혁신을 되짚어봅니다. 또한 최근 개봉한 영화 &lt;사조영웅전: 협지대자&gt;의 후반 VFX 군중 시퀀스 작업 사례를 심층 분석하며, 언리얼 엔진이 보여주는 새로운 가능성도 함께 탐구해 봅니다.","• 모팩스튜디오 버추얼 프로덕션 센터와 장편 애니메이션 &lt;킹 오브 킹스&gt; 제작 사례 소개 <br>
• 언리얼 엔진 버추얼 프로덕션 솔루션과 비주얼라이제이션 워크플로 소개 <br>
• 장편 영화 &lt;사조영웅전: 협지대자&gt; 후반 VFX 군중 시뮬레이션 시퀀스 구현 사례 소개",버추얼 프로덕션에 관심 있는 영화 제작자 및 VFX 아티스트,"https://calendar.google.com/calendar/u/0/r/eventedit?text=언리얼페스트+서울+2025-+Day+2+TRACK+2+-+언리얼 엔진이 실현하는 콘텐츠 제작의 진화: 애니메이션 <킹 오브 킹스>와 영화 <사조영웅전>을 중심으로&dates=20250826T172000/20250826T181000&details=진교현, 모팩스튜디오/강한결, 모팩스튜디오"
Day 2. 8월 26일(화)ㅣ17:20~18:10,언리얼 엔진을 활용한 자동차 부품 디자인 개발,"자동차, 비주얼아트",초급,없음,"백종현, 현대모비스",연구원,"현대모비스 모빌리티제품디자인팀에서 자동차 부품 디자인 개발 업무를 담당하고 있습니다. 언리얼 엔진을 활용한 신기술 시뮬레이션과 디지털 모델링, 램프 디자인 검증 목업 제작을 수행하고 있으며, Alias, Dynamo, Rhino Grasshopper 등을 활용한 파라메트릭 디자인/모델링과 생성형 AI 기반 디자인 프로세스 도입 연구를 병행하고 있습니다.",https://unrealsummit16.cafe24.com/2025/ufest25/speaker/jonghyeon.jpg,,,,,,,,,"이 세션에서는 현대모비스에서 언리얼 엔진을 활용해 신기술 제품을 디자인하고 시뮬레이션한 사례를 소개합니다. 자동차 램프 점등 시뮬레이션, 터치스크린 기반 컨피규레이터 구현, 라이다처럼 작동하는 뎁스 카메라 구성 등 다양한 적용 방안을 다룹니다. 또한, VR 시뮬레이션 환경에서 자주 발생하는 오류와 그 해결 방식도 공유하며, 언리얼 엔진을 활용한 디자인 검증과 커뮤니케이션의 실질적 방법을 제시합니다.","• 언리얼 엔진 머티리얼 에니메이션 이용하기<br>
• 언리얼 엔진 비주얼 시뮬레이션을 통해 확인된 검증 효과<br>
• 리얼타임 환경에서 글라스 반사 퀄리티 향상 방안<br>
• 시뮬레이션을 하는 과정에서 생기는 오류와 해결 방안","언리얼 엔진을 자동차 디자인 개발에 활용하고자 하는 디자이너 및 개발자<br>
신기술 제품 아이디어를 효과적으로 시각화하고 전달하고자 하는 설계자<br>
제품의 디지털 디자인을 준비하고 있는 산업디자인 및 공학 계열 학생","https://calendar.google.com/calendar/u/0/r/eventedit?text=언리얼페스트+서울+2025-+Day+2+TRACK+3+-+언리얼 엔진을 활용한 자동차 부품 디자인 개발&dates=20250826T172000/20250826T181000&details=백종현 책임, 현대모비스"